,Customer,Date,Rating,Review Title,Review Body
0,VM,2020-06-05,5.0,Need replacement,  Network issue on this phoneCalls not get connected at once.. have to Restart it  more often to make calls.@amazon kindly arrange replacement of it.Totally unsatisfied.
1,sajjad,2020-06-04,1.0,Nice,  Very nice lots of features.manufactred in India👌
2,gaurav,2020-07-12,1.0,The touch is not working.,"  I don't think it will be a nice decision to purchase this product. The product I received having touch issue. Can't even pick the phone, Cant unlock the phone, can't even switch off the phone."
3,Seri,2020-06-30,5.0,The phone is good...camera sucks,"  The phone is good...battery is excellent..its response is also commendable..however, its camera is not up to the mark. Images are unrealistic. a slight zooming of the clicked images is enough to reveal the flaws. Something i was not expecting with a 48mp camera."
4,Bibaswan Banerjee,2020-06-22,1.0,First Impression,  Speed is not upto the mark as 6GB RAM phone expected from Samsung. OUTPUT SOUND quality is also very ordinary.Cameras both front and rear click some nice pics...
5,Sourjya Roy,2020-06-15,3.0,Should recall this mobile from market,"  1) There is one speaker at bottom instead of two, you cannot hear even in speaker clearly.2) Mike is bad people does not hear clearly.3) it does not accept second sim during first installation if you put in second slot.4) During What’s call if you receive normal call it what’s up call voice goes low even you can’t hear.5) charging wire quality is bad even it will fast charge the mobile."
6,Mahesh Nivale,2020-06-06,2.0,Excellent product and excellent delivery service by Amazon.....Thank you so much,  excellent mobile great camera quality battery backup is good touchscreen is very smooth as usually in samsung
7,Lalit Sharma,2020-07-08,2.0,Best phone and value for money,  After few months now facing issues on calls due to mobile antenna problem.Better battery life (24 hrs) with continues usage on callsWide angle camera and primary camera are goodMacro camera is at its best giving detailsLittle heavy due to monster 5000mah batteryAudio quality is awesome with the Dolby surround option.Almost a month i had been using and it performs good
8,Mohit,2020-06-09,5.0,Very relevant and excellent product .,  It's basically a very good product .The best for daily use and decent  gaming the design is superbbb😍🔥🔥.I wrote this review from my personal experience of at least 2 or 3weeks I really loved it and hope so it will last really very long.And no lags + the Samsung Knox and other features provided by Samsung are totally awesome.
9,Prashaanth,2020-08-14,5.0,Overall good in this price,"  Performance, battery  life are good.ConsIn screen fingerprint sensor is not good, it recognize after multiple attempts and not quick as wellproduct  delivery got delay for many days due to unavailability of a guy who pickup exchange mobile. Do not buy with exchange"
10,Shubhangi bhende,2020-07-06,5.0,Worst product. It’s hanging,  Your browser does not support HTML5 video.   Really Terrible. It was hanging. I can’t switch off the phone and also can’t reset. I have shared the videos with the Review. Worst product. Don’t buy anyone this product.
11,chirag,2020-06-24,3.0,UNEXPECTED One from SAMSUNG INDIA,"  The phone came with all spectacular features but alas! it did not come with the quality. Within 6 days of buying, display got ruined. The screen turned all yellow. AMAZON's Product service team and replacement took more than 6 days to replace the product means operating 6 days without your phone. No data could be backed up nor have any guarantee of the use of the device further after they fix the display as the ID is logged in and could not do anything but handover the phone simply for the return. Not sure, who will be accountable for any security misuse or data misuse from this phone."
12,VM,2020-06-05,5.0,"camera,and cahrging,sensor,network.","  camera:camera options not updated it is like 2014 yr options, and when the capture wirh 8MP,5MP,5MP picture blurring and no zoom settings avalable with 48mp, totally bad camera.charging:15w charger is coming with mobile, when charging the mobile it takes more than 3hrs, satand by charging good.display:display good quality.sensor: not properly working,network: this is 4g lte only. not full 4g volte network this is very bad for this 20k cost. calls and browsing simultaniusly cant use by using SAMSUNG A31."
13,sajjad,2020-06-04,1.0,galaxy A31,"  Being A series, A31 is not a good phone inspite of having 6GB/128GB configuration with quad-camera in it. It is getting hotter during the talk and its working and also hangs during call sometimes.Not happy and when you ask for the replacement to the amazon even during its return policy duration, the technical support makes you round and round, with their querries and justifications.Hope you don't go for it."
14,Mahee,2020-09-02,1.0,A31,  It's good .smooth
15,anuradha singh,2020-09-29,1.0,My Best So Far,"  My A31 with 6/128 and a quad camera is beyond my expectations. It proved more than my personal laptop in storage, better than my camera in videography and photography, better than my office biometrics in it's face recognition and thumb recognition, battery 5000 is like my best so far, and voice is more clear than my all the previous mobiles.But, one thing bothered me. I went to a mobile shop searching for screen guard. The fellow cheated me and fixed a screen guard not suitable for the mobile. So, not supplying a screen guard along with the mobile is no less than like a person dancing to a Michael  Jackson tune after tying a leg backwards."
16,RANGU MAHESH,2020-07-15,1.0,Better than expected....,  The phones battery life is better than what he promise I used this phone for nearly 18 hours intensively and after that also 20% of battery was still remaining. Camera quality is also good.but not good for gaming I dont play much games so that is not a problem for me. According to me go for this as I didnot experience any heating issues and its fast enough for working...best phone I bought till now.
17,Amazon Customer,2020-07-14,2.0,Not worth it!,"  Not a good buy. The performance is too damn slow even for a Mediatek MT6768, Instead go for a M series.i think there is a problem with software its not very well optimised for the phone hardware configuration and it can be fixed by tinkering at kernal level after root. But hey who gonna do it on their brand new purchase? Better use it for few days and see for yourself to only return it aftwerwards.Battery is also a major issue as it doesn't last very long, not even a full day at light use it goes dead.Dissappointed."
18,Sandeep,2020-06-29,5.0,after 1 month review,"  This is good option under this price range but it's almost a month I'm using this device and what problems I'm facing with this device is ""heating"" and another is it lags. Heating us the main problem that it become extremely hot while I'm either watching netflix or charging it with a power bank. I don't know why but this is very persistent issue from the day I bought it. It comes with 6GB RAM but still its not as fast as my last phone which has 4GB ram. Camera quality is not so good. Battery life is okayish."
19,Amazon Customer,2020-09-15,5.0,don't buy it,  Its slow I have done full format full reset but still its slow its not wort to spend this much for Samsung pay there are other options also and camera is worst not happy
20,Malathy ,2020-11-08,5.0,Dispute goods sale hare,"  Amazon prime giving disputed prodact of samsung or any else company.... And they know well that what kind of disputed product they sale..... So Amazon printed ""You could mention ""fingerprint reader"", ""battery life"" and ""screen quality""."" .... I have one of the problems ..... And one of my friend buy same product at same day from a retail shop the problem I am facing he can do it like cake scroll....."
21,Apurv Choudhary,2020-08-01,1.0,MAKE INDIA PRODUCT AND BRAND,  ProsOS IS GOODCAMERA IS AMAZIMGLOOKS ARE GOODCONSPRICE LITTLE BIT HIGHER.COULD BE AROUND 18K.LITTLE BIT BULKYSOMETIMES SLOW.ANYWAYS LOVING THE USAGE.4/5 RATING FROM MY SIDE.
22,Akhand Bhandari,2020-07-21,4.0,Samsung A31 review.,  Battery life one thing I liked most; and phone does not get heated.But texts suddenly go back while I am engaged in reading them.And most worrisome are the preloaded Apps which I do not need. Thank you..
23,Rahul Dongre,2020-07-10,1.0,On screen finger not working,  On screen finger is not at all working even after changed with another one.
24,VM,2020-06-05,5.0,great phone,"  It is a very good phone. Battery life is really great. I am quite happy with the purchaseAnd its camera is amazing .Not only does the Galaxy A31 sport a large 5,000mAh(typical) battery, but the geometric design with a glossy finish make it Awesome both on the inside and the outside. Choose from Prism Crush Black, Prism Crush White or Prism Crush Blue."
25,sajjad,2020-06-04,1.0,Camera quality is bad,  The build quality and look is perfect and its easy to handle despite having much bigger screen. But the camera quality is very awful. If you are looking for best camera as well then don't go for this phone.
26,Amazon Customer,2020-09-10,1.0,Looks like premium,  Best mobile in 20k
27,Nilesh Choubey,2020-08-14,5.0,Not recommended,"  Poor quality product by samsung.Fingerprint reader and face recognition rarely works...Within a month of use, the keypad is hanging every now and then..."
28,Shama Bhat T.R,2020-08-11,3.0,Good,  Microphone not working after 1 month
29,Sudhakar,2020-08-13,1.0,Poor performance,"  Overall quality Poor, within one month fingerprint sensor has issues which was already quite slow to begin with. Poor camera quality. Poor touch. Not worth the money. Battery life is good, but charger is very bad, takes up to 2-3 hours to full charge"
30,Ayushi vashisht,2020-09-03,5.0,Update for camera and videos,"  Phone is overall good and its performance is also good, but is lacking at its sound quality and camera department. Camera doesn't take good picture at low light areas/ evening and there is no options to capture slow motion/ time lapes videos. Hope with software update samsung gets it done."
31,ABHISHEK CHILLARGE ,2020-08-22,2.0,With respect to money its a bad deal for me,"  Finger senser working intermittent causing late response on every activity. Volte services denied by airtel,video call not possible.phone get heated when connected with smart view with Tv"
32,senthamizh s.,2020-06-27,5.0,must buy,  Very good phone
33,Rupal Singh,2020-10-15,1.0,Heating issue and worst processor,"  Don't buy this product more heating issue and this must of cost this product is not worth, due to worst processor and macro camera not working properly."
34,Amit Kumar Ghosh,2020-06-22,1.0,Worst products,"  Processor is slow, camera quality is bad. Battery get easily exhausted after normal use. Expensive in this price ranges"
35,Amazon Customer,2020-08-27,1.0,Worst phone...Samsung A31,"  Worst phone @19000 range...I purchased 2 months ago....company is claiming heavy duty battery....but its drainage is very high....apart from this...processor is very slow....as a result is hanging.....dont go with samsung....in this range redmi, realme is good"
36,VM,2020-06-05,5.0,Useless & Worthless Product,  Most useless & defective mobile i ever bought on Amazon.Touch dont work properlyMobile Charging is defectiveDisplay dont work properly
37,sajjad,2020-06-04,1.0,Good performance,  Overall it is good phone with Knox Security feature and parental rights to restrict kids.
38,Amazon Customer,2020-08-16,3.0,Nice mobile near by 20000 rs.,"  Battery and camera is best, and also best for display and network.As per 6 gb ram not that much of faster but quite enough.Overall processing is good as per price range. If you looking for best phone near by 20000. Then A31 is one of the good options."
39,Nivi,2020-07-26,1.0,Good Phone with a good confiugration,"  Pricing, it is bit on higher side and secondly  the speaker give on bottom of the phone."
40,sushil jain,2020-06-23,5.0,functionality  is poor,"  Not so upto mark same as opposed type,one day usage said storage is full,can't download ny media,mobile hotspot by default condition not working,screen shot button not working.these problem faced in 1 day use.later on dontbkkow how many will come up"
41,JAGAN,2020-08-14,1.0,Rich except feeble call volume,"  Like - posh, comfortable, lot of features.Dislike - poor volume for phone. Struggle to hear the other side. Wonder how Samsung didn't check this"
42,Divyanshu Srivastava,2020-11-17,1.0,heating and hanging issue.,"  There is nothing to like about this phone.It was never expected from a brand like Samsung. The phone started heating, phone screen freezes. you cant make a call in emergency.Don t waste money on this phone.Better go for other brands."
43,Satyendra Kumar Jha,2021-01-22,4.0,ALL INDIANS LOOKING FOR NON CHINESE PHONE IN THIS SEGMENT MUST BUY SAMSUNG GALAXY A31,"  Samsung galaxy A31. Such a value of Money. The camera quality is fabulous. The look and warmth of the phone is awesome. Its very handy and its extremely user-friendly. If you are looking for a non Chinese brand and a good phone, this should be your choice."
44,Sugat Bhalshankar,2021-01-15,1.0,Bad option for Gamers,"  Except for games like pubg, this phone is goodTouch is not smooth"
45,Digvijay Singh,2020-11-22,5.0,Samsung A 31,"  Overall the quality of the device is value for money spend. But, the features are less advance compared to old Samsung A50. LCD display quality is also low compared to A 50. Good Camera Quality but slow-motion/ hyper motion is not available."
46,Dayanand Nimbalkar,2020-08-16,4.0,good.,"  On.screen fingerprint is little slow.Face recognition need to be faster.sad about missing of Slow motion video.Performance is best.Battery satisfied, comes one full day.  charger length is very short.Best phone."
47,Deepak Mehta,2020-08-03,4.0,Best budget Phone,"  This review is after 1 month. I am happy with the product but they reduced 1000/- rps after the launch which is not appreciated. Overall the battery backup, performance, screen brightness is good. So far all good."
48,VM,2020-06-05,5.0,Takes 6 hours to full charge and gets Heats up quickly,"  Taking prolong time to get full charge, it takes 2 hours to charge 40% and rest it takes another 4 hours to full charge.Battery gets down quickly and phone heats up so quickly.Need to register a complain in service center."
49,sajjad,2020-06-04,1.0,Absolutely unreliable product,"  It started giving trouble within two months of purchase, six months later it has stopped working. The camera is of bad quality with unrealistic colours"
50,moumita,2020-08-18,2.0,Worth it!!!!,  Great phone. A non Chinese product. Value for money.
51,Dharmalingam Pavadaisamy,2020-07-31,4.0,Replacement of glassware,  Complaint :Dislike being it's display glass is broken as a long line by mishandling . What will I do for  this complaint. Please give directions as early as possible.  Yours faithfully  K.S.Velayudhan
52,dinakrishna,2020-12-10,1.0,Awasome Mobile at Great Range,"  Its AMOLED screen is just awesome in Quality.Good Camera, decent quite  speakers.Samsung pay and edge screen are quite handy and useful.Best part is its not just ensembled but its manufactured in INDIA."
53,GAURAV,2020-08-16,5.0,Please stop frequent updates and samsung personal apps which are useless to 90 percent users,"  Good product .... but  samsung software updates are daily annoying... As I bought it to my father ,who is novice to android phones ... it has become a morning routine to update his phone with daily updates notifications"
54,Ramprasad k,2020-07-03,3.0,phone is defective,"  ring tone not working, speaker not functioning, is spite of sending for repair at Samsung service center, phone is not repaired, need replacement"
55,Nailesh L.,2020-09-04,4.0,👍,  Great battery 1.5 days fingerprint quick and screen response good
56,Yathin C P,2020-10-20,4.0,"Good phone, camera is not so good as expected it should be","  Giving 1 star less for Camera, rest phone is good. they should work on CAMERA CLARITY"
57,DILEEP THANKACHAN,2020-07-05,5.0,Worst Phone ever,"  I have purchased this phone 2 months back after my One plus 5 screen got damaged. This Samsung A31 phone really not worth buying.  Performance is very slow, biometric quality is very poor. Pls don't buy this phone..."
58,Amazon Customer,2021-03-12,1.0,Review on Samsung A31,  Just an average phone. Full charge battery holds for a day necessitating charging everyday. Typing space on messenger is too short and consumes a lot of area.
59,Ashok Mohindra,2021-03-09,1.0,Good phone,  Good phone. Only issue with battery life. Charged 91 % at 6 am and 7.30 am it reached 70% only using google play store with software update. Camera is OK. Processer performance is OK. Overall phone performance is very good.
60,VM,2020-06-05,5.0,The phone is not working,"  Swipe to unlock is not working and remains as still. Above all phone is not working. Hence, need to exchange this phone immediately."
61,sajjad,2020-06-04,1.0,Waste of money,"  Phone is not working properly, getting hanged frequently"
62,S B Kulkarni,2020-09-04,5.0,I like Samsung,  Good phone
63,Amazon Customer,2021-03-10,5.0,Nice product,  Excellent product
64,Nirav D.,2020-10-14,5.0,Great phone but overpriced,  Excellent  phone loaded with features. Sleek and premium  phone at little overprice. Great camera wonderful display. Loving every bit. I wish I got it for 16k.
65,sagar,2020-11-16,4.0,Received with front camera damaged,  Received the phone with front camera damaged..not happy with the experience had with this purchase.
66,Rajiv Mahesh,2020-12-25,1.0,Not satisfied,  Did not get what was expected
67,parmar bipin,2020-08-23,5.0,Can buy undoubtedly,  Finger print reader is not working .I didn' t receive the pouch and screen guard along with phone whereas those are provided hir offline buying too .
68,Anjum,2021-03-17,4.0,good product,  good product
69,Chetana,2020-08-22,1.0,Worst experience,  Not getting charged after using a month
70,SUDHEERBABU,2020-08-29,4.0,nice phone,  good product
71,Shashi kant,2020-07-04,4.0,Nice,  Nice
72,VM,2020-06-05,5.0,Budget mobile go for it,  Awesome mobile with in display finger print and all specs are good according to the price just buy
73,sajjad,2020-06-04,1.0,Battery utter flop.. camera is not good,  I am writing this review after 4 days usage... waste battery and waste camera.. performance also not good.. I prefer not to buy any electrics from Amazon..
74,Amrita Sur,2020-07-22,1.0,Samsung galaxy A-31 defective,  Amazon have delivered defective item. Phone mic is not working.
75,Lijo,2020-09-18,1.0,Solid,  Pretty decent for the price you're paying.Great battery life and amazing screen quality.
76,PRASHANTH KUMAR M R,2020-06-10,5.0,good,  good
77,Anonomous,2021-03-04,5.0,Nice phone,  I'm using Samsung A31. It's really nice. I've new experience having this phone. Battery backup is good I can watch the movie whole day by charging once 100%.
78,Amazon Customer,2020-09-03,4.0,Samsung A31,"  All are ok but in case of receving of signal is too poor compared to other mobile phones like real me, Mi, Vivo."
79,MANOJ K.,2020-10-30,1.0,Excellent phone,  This is an excellent device I got. Best camera and top performances. Good battery backup. What else you want in the life?
80,Ravi Yadav,2020-10-14,1.0,excellent,  good product great service
81,Kiranmai,2020-08-22,4.0,finger print,  finger print not working properly..very poor
82,Amazon Customer,2020-11-07,5.0,☺,"  I really enjoy, its very nice experience through this phone all features and phone is great  condition thanks Samsung"
83,galaxy,2020-10-15,1.0,Love this product,  Very nice product.Totally liked it.Camera quality is awesome.Battery life is also very good..Just loved the product.Worth the money.
84,VM,2020-06-05,5.0,Worth of money,  5000Mah battery life will last whole day and camera performance is also good supportted assecories were also worthy.
85,sajjad,2020-06-04,1.0,No Cost EMI was not provided,  I have purchased this item with No Cost EMI through HDFC Credit Card and NO EMI option was not activated/given.
86,Vinod Paul M V,2020-08-19,4.0,Very good mobile in middle range with good features,"  Very good mobile looks, good camera, great speed and inbuilt display fingerprint 👍 I like it."
87,Vinayak bondre,2020-06-23,5.0,sensor are very poor,  Fingers sensor and Face reading sensor are very poor even every second time i have to open it by drawning patterns.
88,PAVAN,2021-03-20,4.0,Amazing device.,"  Amazing device.Happy to buy it.Screen quality,battery life, performance are upto the mark."
89,Dinesh Kumar s,2021-02-08,1.0,Samsung a31,  Nice Samsung 👌
90,RAHUL CHAUDHARY,2020-07-18,1.0,Software,  Phone is not working properlySoftware to be updated from service centreAdvise to return the phone
91,ronak,2020-08-14,5.0,Ok ok,  I think m31 is better than a31
92,Biswajit Bhowmik,2021-04-19,5.0,Need urgent help,"  18th July 2020, phone has gone blank. Not starting at all. Dead within less than a month of delivery and purchase."
93,ajay Tomer,2020-07-05,5.0,nice awesome phone 📱 from my favorite manufacturer,"  Good look, stable configuration and light wieght"
94,Poreddy,2020-07-18,5.0,Finger scanning,  Finger scanning not working properlyInternet  speed not shows require to install another app
95,Mahendra Paranjpe,2020-10-13,5.0,Not great,  Phone voice volume is so less
96,VM,2020-06-05,5.0,Too slow,  Honestly it's the worst smartphone I've ever use
97,sajjad,2020-06-04,1.0,original review,  Call goes on hold by touching ear. very irritating and persisting problem. Idiotic size like a long baton  ... dont buy
98,pk,2020-07-30,5.0,marvelous,  Looks like a premium .....
99,amarnathreddy markala,2020-07-31,2.0,phone is legging too much,  Fingerprints are not working properly battery is also giving very average performance .
100,Praveen B,2020-09-04,5.0,Review,  Camera is not up to the level .The battery is very good and performance is also good
101,Bibhuprasad Das,2020-07-10,5.0,No,  Like
102,Nisarg ,2020-08-14,5.0,Battery,  Excellent battery life. I'm charging phone once in two days for only half an hour.
103,KP Singh,2021-02-16,3.0,Worst rear camera,  Picture quality of rear camera is very much poor. Not even 5mp.
104,binder,2020-08-16,5.0,Good and Descent phone,  A Descent Phone by Samsumg.. Really a good battery backup and even handy to use
105,Vipin rawat,2020-07-25,2.0,Ok,  Ok
106,syed rafi,2020-09-06,5.0,the product is over all very good,  the battery life is very good and no warmthit's I now over all is very good
107,Amazon Customer,2020-07-19,5.0,nice,  Good phone
108,VM,2020-06-05,5.0,Best phone,"  Super phone battery, fast,charging ,all are good"
109,sajjad,2020-06-04,1.0,Screen,  Screen performance was good.Display damaged in 3months only....
110,RAMESH K.,2021-03-25,3.0,Thames up for Samsung M21,  Battery of M21 is good. Pictures quality is good.
111,Deepak,2020-06-18,3.0,Nice one,  Good product by Samsung
112,Amazon Customer,2020-07-18,1.0,worst,  Worst
113,ranjeet jha,2020-07-01,5.0,Value for the money.,  Fully satisfied.  A good product which is made in india.
114,Amazon Customer,2020-08-18,1.0,Good,  I like everything
115,MANOHAR MIRYALA,2020-08-10,2.0,Awesome phone,  Super performance
116,Shaon Bera,2020-10-06,1.0,It's fantastic,  It's very good in look wise and in performance
117,sanjeev kumar,2020-07-20,2.0,best battery life,  I like the battery and the camera quality of the phone
118,indeevar joshi,2020-08-14,4.0,Excellent,  Battery life is good i charge the phone alternate days
119,aman j.,2020-11-02,1.0,"Good one , at this price!!",  Smooth to use. good picture quality and vivid colors!!
120,VM,2020-06-05,5.0,Bestest,  Perfect one
121,sajjad,2020-06-04,1.0,Amazon marketplace for late response 😡😡😡,  Your browser does not support HTML5 video.   Not value
122,Anil kumar,2020-08-08,4.0,Good mobile,  This mobile phone is okay and value for money
123,Arvind kumar shukla,2021-04-30,5.0,sim issue,"  Sim 2 is not working properly,  give solution"
124,Shiva Jyothi,2020-08-14,4.0,worthful product,  Nice phone with good battery back up
125,Atreya Chakraborty,2020-07-06,1.0,Secure folder with excellent battery life.,  Personnel use.
126,Abhishek,2020-07-18,4.0,Best smartphone,  Good camera
127,Amazon Customer,2020-08-19,5.0,Samsung is best,  Good to buy
128,ganga Singh,2020-08-03,5.0,Fast charger not working,  Fast charger is very not at all working  nicely
129,Rahul,2020-06-28,5.0,Superb,  Super quality mobile and super long cover battery
130,adiveppa,2020-08-14,5.0,AWESOME,  AWESOME QUALITY NICE PHONETHANKS TO SAMSUNG
131,Vamsi,2020-09-03,2.0,free for use,  Good product
132,VM,2020-06-05,5.0,Love this phone...awsome battery awesome camera,  Best product in this price catagory
133,sajjad,2020-06-04,1.0,samsunga,  Very good and value for money phone
134,Amazon Customer,2020-08-01,4.0,Good,  Good
135,Sumit,2020-07-28,5.0,Good,  Good
136,neha,2020-07-21,1.0,Biometric is not working properly,  Battery life is average.
137,Amazon Customer,2020-08-16,5.0,Average,  Average phone as its Price
138,nikhil mankar,2020-09-07,5.0,Value for money,  Very good mobile
139,sharma jaymeen,2020-10-17,5.0,Elegent purchase,  Awesome  value for money
140,P S JANGIR,2020-08-25,5.0,one of the best phone  ever I use,  All the feature of the phone are value to money
141,Ashwani Kumar,2020-09-04,4.0,samsung a31,  Camera both awesomeFingerprint 👌
142,Nishu Bharaj,2020-08-01,5.0,Good,"  Battery backup is good, value for money"
143,Dr. Swati Pawar,2020-09-03,5.0,Excellent,  Everything is excellent
144,VM,2020-06-05,5.0,Amazing.,  Good product by Samsung.
145,sajjad,2020-06-04,1.0,Money worthy,  Very good product.
146,Aman,2020-08-23,5.0,T,  Not worth in this price don't buy this phone
147,RAJU HOSOORU,2020-09-21,2.0,Great Deal,  Good product
148,Amazon Customer,2020-08-01,4.0,Mobile performance,  Mobile performance is not good
149,virendra yadav,2020-08-17,5.0,Good to Buy,  Good Phone............
150,saurabh mathur,2020-07-09,5.0,Better than NORD,"  Great phone, better than NORD"
151,Nandkumar Padmakar Pande,2021-02-21,5.0,Product good but delivery service bad,  Product good but delivery service bad
152,Azad khan,2021-04-10,5.0,Like to have more Samsung products like A31,  Picture clarity and  tuch sensitivity
153,Arunkumar,2021-03-22,4.0,I loved it,  NICEE
154,PRADIP KUMAR SINGH,2020-07-24,3.0,Waste product,  Waste product and not working finger print
155,Balamurugan,2020-10-12,5.0,Ok,  Not bad but hanging problem a little
156,VM,2020-06-05,5.0,Good quality,  Good product
157,sajjad,2020-06-04,1.0,Display,  Osm products  from samsung
158,KEDARESH.SS,2020-07-11,5.0,Good reliable model. Battery is nice,  Photo quality amazing. Satisfied.
159,Arijit ghosal,2020-08-14,4.0,Performance,  Over all good performance
160,DEEP PATEL,2021-01-30,5.0,On screen  Scanner is pathetic,  Make software more user freindly
161,Abhishek,2020-09-19,5.0,Go for it,  Good choice. Lucky me. Thank you Amazon
162,Sundeep,2020-08-27,5.0,So good but not better,  Good 👍 but  not better
163,Amazon Customer,2021-02-11,5.0,Avg performance,  After a month it’s lagging..
164,Vijay Rathour,2020-07-26,3.0,awesome 👌,  Awesome
165,Piyushsinh Solanki,2021-03-18,3.0,Good one,"  Good one, but Speeker volume is very low"
166,Nishanth B,2020-07-17,5.0,as compare of money is not good,"  Waste of money, service is bad"
167,VINOD KUMAR RANA,2020-08-06,4.0,best thing,  Battery life is so goodd .....
168,VM,2020-06-05,5.0,The best,  Good battery life. Worth the money..
169,sajjad,2020-06-04,1.0,improved quality,  Smooth running
170,Shirish Dattatraya Dharap,2020-07-06,5.0,awesome,  Awesome
171,Minakshi yadav,2020-09-04,5.0,Justify The Cost,  Value For Money
172,BHABISH THAKUR,2020-08-14,5.0,Response is most important for the customers!!,  Loved it!!
173,Lakshman kumar,2020-08-01,5.0,excellent,  Size should be large 16.67cm
174,Dr. Yashvi Pandey,2020-08-23,5.0,Samsung A31 Reviews,  Not worth to purchase
175,Chandra s.,2020-09-28,5.0,Awesome,  Beautiful
176,Kanak sharma,2020-07-26,1.0,BATTERY,  Battery life is good
177,AASNA,2020-08-01,5.0,Product quantity,  Good product
178,Amazon Customer,2021-02-01,1.0,Good,  Good
179,prince p,2021-04-07,5.0,Nice,  Nice
180,VM,2020-06-05,5.0,Best quality,  Good
181,sajjad,2020-06-04,1.0,So bad,  Everything is dislike
182,Nikhil S.,2020-09-15,5.0,Perfect 😍,  Everything is perfect 😊.
183,mani j,2021-01-01,4.0,Nice,  Best mobile
184,Sanjay Khandalkar,2020-08-16,5.0,Good mobile with this price,  nice mobile
185,Rinchen gurung,2020-08-21,4.0,Nice phone,  Nice phone
186,Naveen,2020-07-18,1.0,All good,  It's working good
187,HANUMANTHA RAO,2020-09-03,4.0,Worth for money,  Good working well
188,Meet,2020-09-02,5.0,Very good,  Very good
189,Saurabh,2020-09-03,5.0,good product,  Very nice
190,Jay,2020-09-03,4.0,Awesome phone,  Very nice mobile
191,Robert J.,2020-08-16,4.0,very good,  Very good mobile
192,VM,2020-06-05,5.0,All good,  All good
193,sajjad,2020-06-04,1.0,Must try,  Good one
194,Nitesh,2020-12-12,2.0,thnx,  Happy
195,Sayantan Banerjee,2020-07-06,5.0,What you may want  now ✌️,  Value for money
196,Rakhi,2021-02-09,4.0,I have not satisfied in the performance,  The phone is problem in the touch screen
197,Vigesh Vijayan,2020-09-03,3.0,Worth it,  Not bad
198,Amazon Customer,2020-08-16,4.0,Nice phone,  Very nice
199,marimuthu,2020-06-15,3.0,Best one,  Good for normal use
200,Manoj Gautam,2020-11-28,1.0,Defective,  Camera problem
201,sushma,2020-09-03,5.0,It's ok,  It's OK phone
202,Supriya,2020-07-20,5.0,Osm,  Super
203,Amazon Customer,2020-09-15,5.0,Better from Chinese Phone like vivo & oppo........,  Good battery life.
204,VM,2020-06-05,5.0,Excellent service,  Aparna shete
205,sajjad,2020-06-04,1.0,Super,  Samsung is no1
206,Rajdeep Chatterjee,2020-09-07,5.0,No complaints,  Worth the price...
207,Jai,2020-08-17,5.0,Very Good,  Good Product
208,Kaustubh,2020-11-29,5.0,Nice 👌,  Good product
209,MAQBUL AHMAD BAROTE,2020-07-08,5.0,Just go for it.,  Nice
210,Bilal Khan,2020-09-03,1.0,best phone,  Best phone
211,Wasimkhan Shabaskhan pathan,2020-08-13,4.0,Good,  Good to use
212,Amazon Customer,2020-08-16,5.0,ok phone,  Its alright
213,Amazon Customer,2020-09-06,5.0,Good quality,  Best phone
214,Ashis Swain,2021-03-05,4.0,Very good,  Good phone
215,Dileep,2020-11-28,5.0,Ok,  Na
216,VM,2020-06-05,5.0,Nice 👍,  Nice one
217,sajjad,2020-06-04,1.0,बेकार हैं,  बेकार है
218,Ganji.venkatesh,2021-01-21,4.0,good phone,  liked the phone
219,Pandurang V B Patil,2020-11-15,2.0,Over heating,  Battery is overheating while charging
220,Kumud Lakra,2020-07-26,5.0,Fine,  Average
221,mohit patel,2021-02-13,5.0,Product,  Good Product
222,Amazon Customer,2020-08-01,4.0,Love,  Super
223,Anil Kumar,2021-01-29,5.0,I'm satisfied,  Good
224,srinivasan,2021-03-19,4.0,Overall good,  Good
225,Senthamilkumar,2020-07-06,5.0,Good,  Fine
226,Manas Goswami,2020-09-22,5.0,CLARITY OF PICTURE,  GOOD
227,savit,2020-09-03,5.0,awesome,  good
228,VM,2020-06-05,5.0,Good,  Good
229,sajjad,2020-06-04,1.0,good,  nice
230,Sharvan kumar,2020-09-11,5.0,Value for money,  Just awesome
231,nanda ballabh joshi,2020-08-01,5.0,Worth money,  Amazing
232,Pradeep,2020-12-10,5.0,Excellent craftsmanship,  Excellent product quality
233,pooja,2020-10-08,5.0,Nice,  Nice phone offered by Samsung
234,Anwar,2020-07-28,5.0,Happily  say proudly that I purchased indian,  I want a Indian model made in indiaOnly one phone available in 22000 range but not best at all... less performance power not smooth not best at all poor in display figure scanner charge time high
235,B Vishnu Kiran,2020-08-07,5.0,Budget Flagship!!!!!,"  Good camera, feels lite excellent product!"
236,Sathyanarayana,2020-07-11,4.0,Genuine Review A31,  Purchased from samsung online store.My review will help other customers to valuate the product.Review based on 3 weeks of usage.Battery: Device comes with 5000 mah.Power with stands for one day on over all usage with 4g internet.Charger: 15 w.It takes 2hr long for full charge.Good battery back up for 100% charge.Camera:I m not a pro.It is okay for samsung mid range device.Processor:No idea on snap dragon vs samsung processor.I don't find any issues on multitasking.Screen: smooth as butter and vedio resolutions are good.Finally A31 is good for commercial users.Vast storage and enough features.
237,Gobinath,2021-02-26,4.0,Read this first..,  First of all this phone can say a basic phone like Samsung's provides in 20k to 30k budgetsWith very less power and not build for gaming specially some of people's confuse that this is a gaming phone ( no it's not )But is phone is really good for daily work likeWatching movies with good resolution with amoled displaySocial networking worksGood interface and screen quality ( Amoled ) camera are pretty much better and the ui they providesOverall this is a pretty good phone you can buy it happily......
238,Ravindra H Lia,2020-08-20,5.0,Not worth the money,"  Writing after 3 months of use, the phone has slowed down quiet a bit (already slow processor( media tek not exynos) and usually if you clear the RAM frequently the maximum free RAM for apps would be 3GB. The phone is bulky and gives a feeling that you are holding a cheap phone. The fingerprint scanner is very slow, have to wait for 3 seconds for it to scan and the finger should be aligned perfectly for it to work( 5 years old iPhone 6 has a better fingerprint scanner ). They created hype because of the 5000 mAh battery but it doesn’t last any longer than a old phone with 3000 mAh( Lasts the same as oneplus 5t). Camera is ok but no 4K video recording and display is good. But overall the phone is not worth the money you spend. The apps take 5 to 6 seconds to load and it is painfully slow. If you want a decently fast phone then this is something you should not consider at all. Face recognition is not fast nor slow just ok. The geekbench 5 score is 350 for single core and 1100 for multi core."
239,Chidghana,2020-07-26,5.0,Excellent camera and display,  A1 smartphone
240,VM,2020-06-05,5.0,in this range very bad product,  Battery  backup is too bad . Camera quality also not gud.
241,sajjad,2020-06-04,1.0,Not about product but the Amazon service,"  I had an old ph to exchange with this Samsung A31 new ph, but the delivery agent rejected my ph, though there is no dent in the screen or ph and ph was working. The only issue the delivery agent was pointing that there is some small line visible inside the screen. Inspite of telling him that other conditions are matching hence you should at least give some exchange value as per other features. Unfortunately the delivery agent refused to take the old ph as suggested by his supervisor. I raise this issue with the amazon service and they assured that, again they will try the delivery. But to my surprise, I could see refund has been issued for the ph without even taking my concern for cancellation. So it seems, there is no meaning in talking to Amazon agent. Ultimately individuals time and money get wasted. I never expected as I always tell others that Amazon at least have professionalism as compared to Flipkart and other services. But now onwards I have to again rethink about the same."
242,Sunil,2020-09-03,1.0,Not worth it..,  This is an honest review...If you are a busy person who doesn't use phone often want a long lasting phone then I would recommend this..The camera is not too good according to the price..At times it lags a lot..And especially if you play games too often or if you are a gamer then I would say no because it lags a lot while playing and you get only 40 fps max..and after playing  for 1 or 1:30 hours there is a huge frame drop..so you would never enjoy  playing games in this phone..there are many phones which have  better performance and are cheaper..These were my honest reviews!
243,TARUNOJU SRINIVASAKUMAR,2020-09-15,3.0,Don't be fool,  Don't buy any Samsung phone.M31 Phone doesn't work after one month. No charging alongwith heating issue. Phone is dead.Motherboard gone faulty.coustmer care will keep mobile for two weeks to replace the motherboard. I need my money back. #samsungmobile #samsungindia #ndtv #geekyranjit #trakintech #technicalguruji. Go for any other brand or atleast Snapdragon or helio processor.
244,Eshwar ,2020-08-08,5.0,Not fully satisfied 😒 (don't blindly trust Amazon or any other online ck price & physical product.,"  Not fully satisfied 😒 ( please don't blindly trust Amazon or any other online seller before buying if possible ck price & physical product. 🤔• camera quality is not good ,(take time in saving pictures)•6 gb ram average profmanc•128 gb storage•Process is also average at multi tasking•usb data transfer is bit slow•sound is not good as you get in other high end phone (mono audio) is ok🔉* Battery is good 🔋*Display is also good 📱*gaming 🎮 (played call of duty) perfoem well. I played for 15 to 30 minutes only."
245,anirudh,2020-08-14,5.0,Samsung sucks.,  Slow motion camera features are not there with this phone.
246,Aparna S.,2020-07-06,5.0,A great value for money durable phone!,  Been using the Galaxy A31 for a good six months now.Pros: Great battery life and camera quality. The fingerprint reader is decent (face issues sometimes when unlocking with moist hands). Overall a good daily driver and a very durable phone. Just use a back case for this phone as it is a fingerprint magnet and definitely use a gorilla glass for the screen.Cons:The processor is a bit old nowadays but if you use this phone only as a normal daily phone and not as a gaming phone.
247,Prudhvi Maccha,2021-01-12,5.0,Camera is good but go for another phone if looking for performance.,"  Well the phone is great, camera is awesome, battery is superb, screen is great and the only thing that bothers me is the processor. The processor is a weak when compared to other phone in the same price range or some even cheaper. Its a great phone...but the speed of the price drop is just unsatisfactory...I purchased this at 21k and when I looked it up on Amazon it was at 20k and I thought its only 1k...whats the difference and when I looked it up again after 2days, it was at 17k.🥲🥲"
248,Susan ,2020-07-21,4.0,STOP BUYING THIS MOBILE.,"  Poor low-light camera performanceFingerprint sensor is iffyProcessor is not goodI have just buy one of A31 sumsung mobile & very disappointed by same is started hanging & take lots of time in charging..Very poor quality by this price range.Request to everyone. Please do not buy this mobile as it is becoming heating everytime. You cannoy talk more than 10 minutes. I purchased on 3rd week of july. During charging, phone conversation, video call and if you connect on zoom, you cannot use more than 10 minutes. Please stop buying this product. I am am customer . please belive my feedbacl Worthless mobile. STOP BUYING THIS MOBILE."
249,ABHILASH NARAYANAN,2021-02-07,5.0,Great phone😜Value for your money,  Super phone value for money. Samsung  great Deal phone i like very mutch 👌
250,Rajesh,2021-02-24,5.0,Go for it,  I will recommend this phone .... If you will charge it 100% and you'll do a little gaming for one and half hour with normal usage like insta whatsapp etc... It will last for more than one day.. Very nice battery....Pros..1. Good battery.2.Superb screen3.Face unlock is secure not like Mo's fake one4.Additional features in phone like scale counter etc... You will like it once you experience this phone..5.Best Camera.6. Good build quality7. Better than chinese phones ......... I'm sure it will perform very well after 2-3 years also...Cons.1. You can play pubg only till HD settings as of August 2020..But HD of this phone/screen is like Hdr and above of redmi and chinese brands phones
251,ABHISEK MISHRA,2020-09-02,5.0,If you want a multimedia phone with casual gaming go for this,"  I bought the phone for 19999 , and to be honest it's a bit overpriced 18 k would have been fine. The screen , battery , camera are great and are the highlights of this phone. The camera performance is good, it clicks good quality shots with perfect dynamic range and colors only issue in camera is that it lacks basic features like slomo time-lapse which even 10k phones give these days. When it comes to performance where many people criticise this phone, i would like to tell my honest user experience, in normal usage there's no issue , I do multitasking , some small video editing , casual gaming and they work perfectly fine without lags. I played call of duty in medium settings and it worked fine. After playing 2 hours this phone becomes a bit hot."
252,VM,2020-06-05,5.0,Go for M31 and not for A31 supper laggy.  Poor processor .,  To be very frank I am not happy with the processor and  the performance it is giving for the price and so much of lag . It lags in even typing messages at times make you more annoying and disappointed.  I was getting M31 at the same time in much cheaper but I thought this one is more expensive and much better verson of Samsung. I wish to change to M31 or M31 s now but I will not get the value of this phone as samsung keep removing phones every month and the value of other phones keep falling . 1 st time in life i am feeling disappointed with my samsung phone purchase. My honest suggestion please  go for M31 or M31s its far better phone then this one and even cheaper and better value for money .I wish I had taken M31 and Not A31 . Thanks
253,sajjad,2020-06-04,1.0,Battery backup and Fingerprint reader.,"  I love this smartphone, I was willing to buy some other mobile earlier but I am Indian and I want to buy a Indian mobile, it is very good. Samsung has improved the battery life too much. I have other mobile of 4000 mAh battery, but it gets discharge in 2.5 hours of continuous use in my online classes, but this mobile of 5000 mah battery gets discharge in 5 hours of continuous use. OMG !!! But I have to face problem with it's fingerprint reader. It many times didn't recognize my fingerprint, I have to again and again put my finger then it would recognize. But I liked this mobile.Nice !!!Keep it up !!!"
254,Mohammed Nisar,2020-07-10,5.0,donot buy samsung any more worst phone ever,"  Samsung is waste of money, I bought last month for rs.22000 and additional insured for 2500, now I ask in the market to sell this product and what I hear u can't believe that the value is only 15000 rs of a one-month-old phone, there is no more brand value for this phone and also it is the worst smartphone for gaming, plz don't waste your money on it, go for Vivo oppo mi real me."
255,Nagendran,2021-04-08,4.0,overall samsung a 31 not upto the mark,"  Your browser does not support HTML5 video.   I had purchased samsung a31 at reliance digital Brookfield mal on 7th August 2020After 10 days I had issues like mobile getting heat ,fast charge not happening it will take more then 5 hour to 100% charge batery charge will up to only 5 hours without using game and internet i a had visited to reliance 2 times and samsung customers care 3 times but not use .They will not rectify the issues they will not replace it and they will not refund also.I wrongly choose samsung not good service having samsung not worth for money not happy"
256,rahat ali shaikh,2020-09-03,3.0,Nothing is like 22000,  Overrrrrrpricedddd
257,Atishay jain,2020-10-12,5.0,Poor Quality,  Very bad quality mobile from Samsung. Hardware quality in mobile is compromised. It takes years(too long) for the mobile to be fully charged.You will get lot of good other mobiles in the same range dont waste your money on this crap. Even my 2 year old Redmi Note5 is working better than this.
258,abhishek,2020-08-17,5.0,Please don't buy . Very bad mobile I have ever buy,  despite of battery nothing is good in this mobile. I have bought this mobile yesterday.. camera is mentioned 48 but it is not near by 12 mega pixels.. Samsung is just cheating money. Earphones is old model which can't fit in ear. And very bad quality.. I don't have time to explain details.  But don't go for this mobile..
259,Sripal Singh,2021-02-23,3.0,Not too much not too less,  I bought it from a genuine Samsung store and i haven't faced one problem with the phone. People who have bought from here might have but i have not . This phone is good but not too good . Its all u need but not all u want kind of situation.  Phone gets heat up when in continued usage but  cools down fast performance is good i play call of duty everyday on it for 2 hrs almost and it handles it all no lag . Photo quality is good again not great like iphone kind but good . Workable
260,Sam Munde,2020-08-25,5.0,Don't buy this phone,"  The worst phone I'd ever used.Well,the battery is good but other features r just garbages. Its not good for gaming and the camera is ahh..u know that of a cheap under 10k phone.The biometric fingerprint doesn't always even if ur finger is clean.Guys u better buy other series of Samsung or from another brand .I swear u'll regret buying this phone"
261,Bhagyaisari,2021-03-29,1.0,Great phone. Value for money.,  It is a very good phone. Works very well. Battery lasts about whole day. Performance is also very good. Overall it is a worth buying smartphone.
262,Charu jain,2020-07-06,5.0,Heating issues-Very much critical and dangerous,  I am facing device heating issues which I only realized after I literally burned my ears from inside and now a consistent problem last three months however tried all the precautions and finally writing here. Hope I could request for replacement of device and get impeccable as its only four month's I bought it through Amazon.
263,Kasa Sampath,2020-08-29,3.0,Best budget phone under 25k,  Best phone for casual useIt's very featured but slightly slow when many processes run simultaneously so it's disappointing but overall performance was absolutely great build quality is also wonderful and battery charging is very fast compare to other devices so it's plus point over here
264,VM,2020-06-05,5.0,Must have mobile. Great features.,  Very slim. As usual great camera from Samsung . Long  battery life. Lasts for more than 24 hours despite continued use during lock-down. Touch sensitivity too good. No need to retype missed letter/ command. Value for money.
265,sajjad,2020-06-04,1.0,don't purchase this A31 in 20k,"  Highly disappointed after purchasing this in rs.21k.1.Photo quality is poor,can't detect background colour.2.no slow  motion video3.no night mode option in cameraNot worth of Money..."
266,Ram,2021-01-08,4.0,Samsung could manage multitasking specially in case of game booster more batter.,  battery life: awesomewarmth: No heating after use of 1 monthperformance: very good. but faced some lagging after playing continues 3-4 hours play of high graphics game. but there is no heating of unit.value for money: I will give 4/5. due to lagging after 4 hours.
267,Sushant Hota,2020-07-29,4.0,EXCHANGE FROUD 500RS EXTRA CHARGE,  Very cheap services for exchanges prosses my vivo v5s mobile change but delivery agent Told me 500rs Extra charge then after your exchange phone...And phone phone warrants also last 10 daysI was complained but no action any one..I m also prime members but no service any..Sooo cheap
268,Sivakumar,2020-07-19,3.0,Pathetic performance device. Don't buy it,  Don't buy this pathetic device. I bought this samsung A series mobile because of there A series performance but when i bought it my father also didn't liked this mobiles performance... Better go for other brand or other model but dont waste your hard earned money on this device.
269,luna sarkar,2020-08-16,5.0,don't bay,"  India's no 1 faltu,3rt class phone. don't bay any bady.no any class in this phone.no quality.faltu phone.not good.camera is vga."
270,Shilpa Sharma,2021-04-07,5.0,Camera is not good when your slide move and touch unlock it's really bad .,"  - unlock touch is not good, hardly you can unlock the phone on-screen touch.- the camera is not good overall bad experience.- not even slow-motion other feature where other providing good feature compare to this price.Don't buy this phone, better you can go with m series."
271,PRASANNAKUMAR V,2020-10-21,5.0,"Samsung is  best than low quality  OPPO, Mi,Readme,Vivo experienced","  I am using  Samsung  ph first  time belive me OPPO, Mi is useless in front of Samsung. Don't buy low quality, Mi,OPPO..Go with durable,actual  pixel and best feature  Samsung than cheap Chinese mobile"
272,KOMMAREDDY JOSEPH,2021-03-23,5.0,what a pathetic processor can't imagine processor is like windows xp or older 9ne ||,  an old amazon/Samsung user who rarely write reviews....but PATHETIC performance of it brought me here.OVERHEATING issue (Heating as it is 2010-11 era phone)Worst Camera6 gb ram but still take loads of time after restart.OVEREXPENSIVE.this phone  deserve to be in 10-12000 range.
273,srinivasarao,2020-09-04,5.0,Excellent product as compared to other phones in this price range,"  This is a great product which I have bought as a present for my parents. The batter life is really good as compared to other phones in this price range, screen quality is good as well with smooth browsing. The user experience is great. Will recommend this product."
274,divakar,2021-04-13,4.0,No Value For Money,"  No value for money.... Phone is just boring .... Fingerprint sensor will work as per his mood. Camera is too too good that it do not have 4k recording, slow motion video feature, No Night mode....You beauty samsung ! And last but not least Oxygen OS is just awesome!!!!!"
275,shivaraj,2020-07-11,5.0,Worth buying,  Awesome  display and great battery life!!!
276,VM,2020-06-05,5.0,After 3 monts of usage.,"  Issues with fingerprint scanner, screen recorder and  camera quality. Not recommended for gaming. Takes 2 hours for full charge even with in box fast charger (15W 🤣). Battery drains fast."
277,sajjad,2020-06-04,1.0,Worst phone...please don't  buy,  Please do not buy this phone.U can't make video callsU can't  record slow mo videos.Worst phone I have bought in my life
278,Hemant H.,2020-07-31,5.0,average product,  Disappointed with phone...it is overpriced for sure...Disappointed to see that there is no slow motion video...but the specs says otherwise..
279,Jhanvi Vashisht,2020-07-02,5.0,Not recommended Samsung A31.,  I have just bought A31 sumsung mobile & very disappointed by the same. It's started hanging & takes lot of time in charging. Battery life is not good.Very poor quality by this price range.
280,Sreejith C Kollam,2020-06-26,5.0,Good quality product for all,"  Quick service, good quality product, attractive and fast working with long lasting charge.... very good fingerprint... battery life...facerecognitionRecommended for all"
281,kousik singha,2020-06-04,4.0,good,  Good product
282,ARIHANT KOTHARI,2020-06-28,3.0,Not up to the mark,  Resolution is goodBattery life is wonderfulCamera not goodSometimes  hanging
283,BALAJI,2020-06-04,5.0,Samsung A31,  Value for moneyExcellent  product at a reasonable price.  No comparison with the latest available in market. Just go for it.
284,GOWTHAMNAREN,2020-06-30,5.0,First day it got dead .,"  Worst phone ever , I purchased it from retaile store & the first day after I brought it home , it got dead . Worst Samsung experience."
285,Omkar kale,2020-06-29,4.0,Dont buy a31,  Camera features doesn't have slowmo video ..hyper lapse..image stability..paying 21500 is it worth ...where we get more camera features in other brands with 16000 price range..pls wake up  In samsung a31Dont buy a31
286,Ravi Kumar,2020-10-21,1.0,Samsung  A31 is worth buying,"  I'm  writing  this  review after having used this mobile for a week.Battery is great,up to its mark. Camera is not very high but us satisfactory.  Works faster than redmi."
287,Saurabh Pratap Singh,2020-06-04,5.0,Disappointed from Camera performance,  Camera isn't performing as per the expectation. 48MP main camera is just taking pictures same as 32MP camera.
288,VM,2020-06-05,5.0,waste of money,"  Iam buy this phone. No slow motion video,finger printing problem, face unlock problem & 4k video not in this phone. waste of money.  Please don't take A31 mobile.."
289,sajjad,2020-06-04,1.0,Samsung galaxy a31,  You feel premium quality by its design and build quality. Camera quality is also superb. But fingerprint sensor is little bit slow but phone is very very good.
290,Tarun Singh,2020-06-12,1.0,Mobile is not worth for money,"  no special options for videos,timelaps,night effect, back camera is only 48mp, compared to cheap mobiles have many special options..very unsatisfied."
291,Parijat,2021-04-09,1.0,Great phone from samsung,  This is great mid range budget phone. Battery life is great as i only have to charge once every 1.5 to 2 days... samoled display is fantastic
292,Amazon Customer,2020-08-14,3.0,Awesome,  I'm start to using this on exactly 7month 15 days.This is awsome phone on samsung.Battery was insane.Camera is excellent.A series is best on samsung brand
293,desh deepak maurya,2020-08-10,1.0,waste of money.,  Just waste of money..Camera bad quality.Fingerpring too slow .Can't play pubg..Heating problem also...So pls don't buy it...
294,Kissna,2020-07-02,3.0,"Good design, bad camera, worst fingerprint reader","  Good design, bad camera, worst fingerprint reader. Many better options are available in market even from Samsung, in same price range"
295,Nitesh,2020-06-09,1.0,Great non-chinese phone,  Great phone which fit into my needs. After 3 months usage haven't faced any issues and got fresh updates with great fixes!!!
296,Rishikesh G,2020-12-29,5.0,😃😀,  Sometime prosser not working...otherwise  so much good 👍 I'm happy 😊 ☺..
297,Roshinibala Kongbrailatpam,2021-02-05,4.0,worse phone,"  Hi , Its one of the worse phones of samsung. I bought this phone just 2 hours back and already the phone has started hanging. Do not buy this phone."
298,Pradip,2020-08-25,1.0,Chalega but daudega  nahi,  No fault as such.. but not too value for money
299,Keshava U,2020-06-05,5.0,Nice phone from this range,  Superb phone from samsung A71No one compare with thisAmazing picture quality and perfomanceBest battery backup in the segment
300,VM,2020-06-05,5.0,Do not buy this mobile,  Very cheaper quality and very poor processer
301,sajjad,2020-06-04,1.0,Very useful with large internal storage,  It's been a month since I am using this mobile. For me the battery comes for one and half day even though I am using ìnternet.
302,Punita Rani,2020-08-07,5.0,Worst camera,  Worst camera. Grainy pictures. No video stabilizer.
303,Rajesh Ranjan,2020-11-26,5.0,Good phone,  A really good product. I have been using for a month now. Only sometimes the battery heats up while charging. Other than that no complaints..
304,Joel,2020-08-16,2.0,Not satisfied,  Mobile hanging and very slow . Apps turnoff suddenly. Please look Before sell and buy . Finally feel unnecessary to buy ..
305,Lav Kumar,2020-09-09,4.0,This phone is awesome,"  for daily use, this very good and it camera is also good"
306,Navdeep,2020-07-25,1.0,Nice except sound.,  Awesome except sound quality. Disappointed by its speaker sound otherwise a very nice phone in all other aspects.
307,Amazon Customer,2020-09-05,1.0,Wifi Issues,"  Too many issues with wifi, you need to restart your phone every now and then to connect it to internet either through wifi or mobile data."
308,Faizan,2020-06-09,2.0,Very good phone,"  I love this phone in medium price.Features are very good, specially camera,I have m51 as well, both are very good"
309,Het Shah,2020-07-28,1.0,Good phone A31 Samsung,  Battery is very goodFinger print reader is slow sometimesScreen quality goodBetter phone for priceSlim and good
310,PARINITA SINGH,2020-07-30,1.0,value for money,  This phone is good to buy value for money
311,Akhil,2021-04-22,4.0,Samsung is the worst brand,"  Worst phone, totally unsatisfied. Please don't switch to Samsung. It's hangs alot and processor os very slow. Thank you bye."
312,VM,2020-06-05,5.0,Osam,  Osam mobile velue for money best of the oneLove for semsungBahut hi bhadiya shandarEverything okGood qulity
313,sajjad,2020-06-04,1.0,What's most important to know,  Like very much camera performance is outstanding . Camera shoots are better than 64 mp camera of realme and vivo
314,Kilio,2020-11-15,1.0,Excellent back cam,  Excellent back cam...I really loved the pictures and the features like smart select and face recognition lock is amazing good one
315,GAUTAM SINHA,2020-09-04,5.0,Dislike,  Money waste do not buy buy a21s or a51 camera is good it heats up .So not buy . Pubg lags
316,Suresh M.,2021-01-11,1.0,Awesome phone,"  Excellent phone, battery life is very good, quick fingerprint reader and awesome screen quality. Best phone in its market range."
317,Bhargav Acharya,2020-10-14,4.0,slow charge,  battery life . slow charge. taking 3 to 4 hoursavrage mobile. not good. charger not good. irritating. hang. bad experiance
318,Amazon Customer,2020-10-14,5.0,H,"  Everything is nice, no complain. I shall recommend this for you.Thank you have a nice daySamsung Galaxy A31"
319,Ananias m sangma,2020-09-28,1.0,HANGING PHONE.,  All time hanging issue. Not recommended to mid users.  The device is not working fast as I pay for it.
320,bhargav,2020-08-16,4.0,good,  Good product at this price.  Good cameraNice security.  Good battery. Nice storage worth for the money 😀😄😁go for it
321,Rakesh,2020-08-01,1.0,Best phone,  Best phone. I am all-time user of samsung.  This is best phone overall as I ever bought . Always looking for the same
322,Gaurav sharma,2021-03-04,1.0,Check database,  Why am I getting mail for the item I have returned already? Plz check ur database and complete the process
323,Amazon Customer,2021-03-05,1.0,Processor is worst. Slow phone,  Processor is worst. Too much slow. Once u restart mobile it takes almost 1 minutes to run smoothly. Bad experience
324,VM,2020-06-05,5.0,2 star rating,  finger print option is good. battery backup is normal and speaker sound is low. over all phone is in 2 star rating
325,sajjad,2020-06-04,1.0,great phone but heating issue,  Dhasu phone
326,Pankaj Patel,2020-08-13,1.0,Worst purchase,  Please don't buy this product fingerprint scanner is not working correctly and display problem just in one month
327,Amul,2021-02-03,5.0,Its very nice,  The memory is very good
328,Ram,2020-07-13,1.0,Charging problem,  I am not stisfied in this phone camera quality is not god and charging problm 2 hour in complete charge
329,Abhishek Kumar,2020-08-19,5.0,Yes overall phone is good,  fingerprint reader is not good. Battery life is good if you charger in morning u can use for 2 days.
330,Akshay Bhamare,2020-07-24,5.0,waste of money,"  Not working every time most of time is not working , waste of money, as compare lots of mobile devices is available"
331,Jiteshkumar,2020-06-10,5.0,Awesome,  Awesome phoneGood respondIt has  high power backupGood r e s p o n d of the phone
332,Nikky,2020-10-17,2.0,Charger,  Charger take more time about 4 hours so I would suggest for 25 w charger should be given
333,Abhishek Mishra,2020-07-04,1.0,Like,  I like it
334,Amazon Customer,2020-06-12,3.0,Not good,  Screen was broken and there is  some scratch  on the body...condition was not good
335,MANISH KUMAR,2020-08-06,1.0,over budget..,"  Battery life is good , over budget phone..after 1 month use not up to the mark.very disappointed"
336,VM,2020-06-05,5.0,Satisfied with this model,"  Camera quality very good, smooth processor without hanging and battery backup also good."
337,sajjad,2020-06-04,1.0,Wastage of money,  Both Camera quality very poor heating issue slow charging pls dont purchage this phone
338,Dr.Abid Bashir,2020-11-25,5.0,good,  Good phone nice and cool everything is good going. Best for roughly user . . . . . . .
339,ankit ,2020-06-28,5.0,not good,  Dislik
340,M zeeshan Hyeder,2020-06-23,3.0,Using smooth and attractive icons,  Very good product 👌 👍 good feature.
341,Jk,2020-08-16,5.0,I love Samsung,  I like itAnd love it
342,Amazon Customer,2020-07-10,1.0,Finger sensor don't work properly,  Finger sensor don't work properly
343,Ashutosh Dubey,2020-07-23,3.0,Awesome,  Value for money in all features
344,yogesh,2021-02-12,5.0,lun phone,  Lun phone
345,Sushil Nayak,2020-08-23,3.0,5 Star,  Perfect phone in all aspects
346,srinath goskula,2020-08-03,1.0,2,  Camera quality bad .
347,Vishal singh,2020-10-18,5.0,Good product,  Good
348,VM,2020-06-05,5.0,a31 available slow motion?,  A31 available slow motion?
349,sajjad,2020-06-04,1.0,Not a good product by samsung,  Poor not value for money
350,Kalpana,2020-08-31,1.0,Cemra is low quality,  Cemra is low quality
351,Albin Mathew,2020-07-30,4.0,"Manufacturing diffect mobile, but no exchange, policy","  Flop mobile, 0 star"
352,vamsi varma,2020-09-18,5.0,Samsung is a brand,  Good
353,Vikash Thakur,2020-08-11,1.0,Just go for it,  Value for money
354,Pankaj Pimpare,2021-03-13,3.0,Not a good products,  not a good
355,Peter,2020-08-16,5.0,Awesome Mobile,  Nice Mobile
356,SRIDAM d.,2020-06-24,5.0,A31,  Good one
357,kawaldeep,2020-08-08,1.0,Awesome,  loved it
358,Pratik,2020-07-03,3.0,Mobile,  I like
359,Ajay chandra ,2020-10-12,5.0,5 star,  nice
360,VM,2020-06-05,5.0,nice,  Yes
361,sajjad,2020-06-04,1.0,bad,  bad
362,tarsem,2020-07-29,1.0,good,  Good
363,Amazon Customer,2020-08-01,5.0,okay type,"  Okay type, finger print sensor not working. My previous phone M30 was far better. I had to press my finger multiple times, it does unlock. Camera is good. Not happy with finger print sensor.Amazon delivery has been very quick, got it in 15hrs."
364,RE,2020-08-31,1.0,Basic expectations not fulfilled,  I am using this phone from past 2 months and facing issues as such-*finger print sensor not able to read my finger multiple times & I am typing the password manually.*Phone hanging- Initially it happened for once but now it is happening twice in a week and I am not even using multiple applications or don't have heavy applications downloaded.This happened with me whenever I am logging off from any application.*Phone not allowing to record the screen. It's a very basic feature which you can see in any random android phone but Samsung A31 doesn't have screen recording option.
365,Customer,2020-09-18,5.0,Excellent Phone by Samsung,"  I got this phone for my dad and seems the best phone by Samsung in this price range. I was about to buy M series, but when i spotted this, I could not resist it. My initial assumption was that phone would be heavy in weight, but it is light weight. If you are planning to buy Vivo or oppo, I guess this is the best replacement for them in terms of price.Avoid Made in China phones as much as possible.Touch response is good and did not see any lag. It comes with the cover inside also. The only issue which i see is the quality of earphones that comes along with it. Personally I did not liked i"
366,Ashok sajjana,2020-09-09,1.0,Overall it is very useful to me for daily routine works,"  This mobile is having many useful features and looking that price is very reasonable battery life is good , reasonable price and good warmth"
367,Mithu Basu,2020-06-28,4.0,Samsung A31.,  A very good cell phone. Superd quad camera with crystal clear photos. Great sound. Wonderful reception. Thus is a made in India product.
368,Amazon Customer,2020-07-11,4.0,Nice phone with Amoled screen and good battery backup.,  Switched to Samsung again after years of experience in Lenovo and Xiomi. No worries about the data security. Amoled screen is really awesome. Good battery backup.
369,nithin,2021-04-16,1.0,Tampered product delivered,  The new product delivered was tampered before delivering it. No quality. Checks done prior to delivery! Very disappointed with the way online deliveries are now happening!
370,Ajit Maurya,2020-11-22,4.0,Amazing,"  Marvelous product. I never been see the product. Worthy buy,all features excellent."
371,Anto sunil,2020-10-04,4.0,Samsung galaxy A31,  Fingerprint reader is not fast.
372,VM,2020-06-05,5.0,Product Review,  Good product
373,sajjad,2020-06-04,1.0,Don't buy,  Cheap please don't waste your money
374,Prince,2020-08-16,5.0,Best,  Good battery life
375,Himanshu Baluni,2021-04-25,1.0,Excellant,  excellant. Loved the phone and the battery back up
376,Anant revar,2021-04-14,5.0,Amazed To Have From S,  Its Very Good Phone By Samsung Just One Word as Feedback Amazing Phone Bought From Amazon.
377,Jai H.,2021-03-26,5.0,perfect mobile for 20 to 25k budget,  nice battery life and perfect big screen for movies ..
378,Pandava Swetha,2020-10-12,5.0,good,  Good battery life
379,Satvik,2020-08-21,2.0,Value for money,  Good overall
380,Harmeet Singh,2020-09-03,5.0,,
381,Amazon Customer,2021-02-27,2.0,,
382,Mohammed Shaheem,2021-03-09,5.0,,
383,Yogen,2021-03-20,1.0,,
384,VM,2020-06-05,5.0,,
385,sajjad,2020-06-04,1.0,,
386,Binu kumari pt,2020-12-20,5.0,,
387,Jyoti,2020-11-16,5.0,,
388,Nizi,2021-02-28,1.0,,
389,ritesh gambhire,2021-04-17,1.0,,
390,Venkat,2020-09-02,2.0,,
391,Pradip kumar,2020-07-18,5.0,,
392,Kiran Wagh,2020-08-13,1.0,,
393,Debasish Bhattacharya,2020-08-02,5.0,,
394,anil jangid,2020-07-14,1.0,,
395,Aaru,2021-03-16,5.0,,
396,VM,2020-06-05,5.0,,
397,sajjad,2020-06-04,1.0,,
398,devansh,2020-12-01,1.0,,
399,Akshay Barhate,2020-09-02,5.0,,
400,Pankaj kumar,2020-08-05,5.0,,
401,Amazon Customer,2020-06-20,5.0,,
402,yashaswi shrivastava,2020-08-28,4.0,,
403,SUHAS,2020-07-28,3.0,,
404,Ankit Upadhyay,2020-08-19,5.0,,
405,Amazon Customer,2020-07-12,1.0,,
406,Arpit kumar,2020-09-07,5.0,,
407,Mukesh singh,2020-06-22,1.0,,
408,VM,2020-06-05,5.0,,
409,sajjad,2020-06-04,1.0,,
410,ANILKUMAR K.,2020-08-16,5.0,,
411,Mahendra,2020-07-23,5.0,,
412,Ajay kumar,2020-07-09,3.0,,
413,Viraj d,2020-07-19,5.0,,
414,Ishaan bhagat,2020-07-02,1.0,,
415,Amazon Customer,2020-08-16,5.0,,
416,VINITA BAIRWA,2020-07-10,1.0,,
417,Renjith Jose,2020-08-27,5.0,,
418,Kundan mzumdar,2020-08-24,5.0,,
419,rohtas,2020-07-05,1.0,,
420,VM,2020-06-05,5.0,,
421,sajjad,2020-06-04,1.0,,
422,MUKESH BOHARA,2020-08-22,1.0,,
423,Aashu,2020-08-06,1.0,,
424,AMAZONS,2020-07-03,5.0,,
425,balaji wanare,2020-07-12,5.0,,
426,pintu sharma,2020-08-07,1.0,,
427,Nitin Mehra,2020-07-07,5.0,,
428,Satheesh,2020-08-14,5.0,,
429,milan,2020-07-11,5.0,,
430,Jayesh r shah,2020-07-18,5.0,,
431,vikas kumar,2020-07-18,5.0,,
432,VM,2020-06-05,5.0,,
433,sajjad,2020-06-04,1.0,,
434,jagtar singh,2020-07-31,5.0,,
435,Kritesh Vani,2020-07-21,1.0,,
436,Steffy,2020-07-09,5.0,,
437,Ramanaidu,2020-06-07,3.0,,
438,Sunita Rawat,2020-09-13,3.0,,
439,Vijayaraj,2020-07-31,5.0,,
440,Sunderlal Lakhwani,2020-08-10,5.0,,
441,Jatish Shah,2020-08-24,5.0,,
442,BHASKAR RAY,2020-08-14,5.0,,
443,Sumit Naik,2020-07-25,1.0,,
444,VM,2020-06-05,5.0,,
445,sajjad,2020-06-04,1.0,,
446,anand kumar 9,2020-08-14,5.0,,
447,Deepak,2020-09-16,5.0,,
448,Vaman,2020-08-10,5.0,,
449,Pradeep Sharma,2020-07-11,1.0,,
450,VANITA,2020-11-14,5.0,,
451,Saurav Guha,2020-07-08,5.0,,
452,Varun Sodhi,2020-09-04,5.0,,
453,ajay sehta,2020-10-14,5.0,,
454,Amazon Customer,2020-09-05,5.0,,
455,Dipankar Chakrabarti,2020-07-07,4.0,,
